<?xml version="1.0" encoding="utf-8"?><checkstyle version="4.3"><file name="C:\Users\WELCOME\Desktop\project\Code-ToTrainee\wanderlust-web-service\specs\testing_spec.js"><error line="1" column="18" severity="error" message="&apos;require&apos; is not defined. (no-undef)" source="eslint.rules.no-undef" /><error line="2" column="28" severity="error" message="&apos;require&apos; is not defined. (no-undef)" source="eslint.rules.no-undef" /><error line="3" column="22" severity="error" message="&apos;require&apos; is not defined. (no-undef)" source="eslint.rules.no-undef" /><error line="4" column="23" severity="error" message="&apos;require&apos; is not defined. (no-undef)" source="eslint.rules.no-undef" /><error line="5" column="24" severity="error" message="&apos;require&apos; is not defined. (no-undef)" source="eslint.rules.no-undef" /><error line="6" column="25" severity="error" message="&apos;require&apos; is not defined. (no-undef)" source="eslint.rules.no-undef" /><error line="7" column="7" severity="error" message="&apos;bookmodel&apos; is assigned a value but never used. (no-unused-vars)" source="eslint.rules.no-unused-vars" /><error line="7" column="19" severity="error" message="&apos;require&apos; is not defined. (no-undef)" source="eslint.rules.no-undef" /><error line="8" column="21" severity="error" message="&apos;require&apos; is not defined. (no-undef)" source="eslint.rules.no-undef" /><error line="9" column="17" severity="error" message="&apos;require&apos; is not defined. (no-undef)" source="eslint.rules.no-undef" /><error line="10" column="7" severity="error" message="&apos;errorlog&apos; is assigned a value but never used. (no-unused-vars)" source="eslint.rules.no-unused-vars" /><error line="10" column="18" severity="error" message="&apos;require&apos; is not defined. (no-undef)" source="eslint.rules.no-undef" /><error line="11" column="17" severity="error" message="&apos;require&apos; is not defined. (no-undef)" source="eslint.rules.no-undef" /><error line="14" column="1" severity="error" message="&apos;describe&apos; is not defined. (no-undef)" source="eslint.rules.no-undef" /><error line="24" column="5" severity="error" message="&apos;it&apos; is not defined. (no-undef)" source="eslint.rules.no-undef" /><error line="31" column="55" severity="error" message="&apos;expect&apos; is not defined. (no-undef)" source="eslint.rules.no-undef" /><error line="35" column="5" severity="error" message="&apos;describe&apos; is not defined. (no-undef)" source="eslint.rules.no-undef" /><error line="36" column="9" severity="error" message="&apos;it&apos; is not defined. (no-undef)" source="eslint.rules.no-undef" /><error line="37" column="78" severity="error" message="&apos;expect&apos; is not defined. (no-undef)" source="eslint.rules.no-undef" /><error line="42" column="5" severity="error" message="&apos;describe&apos; is not defined. (no-undef)" source="eslint.rules.no-undef" /><error line="43" column="9" severity="error" message="&apos;it&apos; is not defined. (no-undef)" source="eslint.rules.no-undef" /><error line="44" column="77" severity="error" message="&apos;expect&apos; is not defined. (no-undef)" source="eslint.rules.no-undef" /><error line="47" column="9" severity="error" message="&apos;it&apos; is not defined. (no-undef)" source="eslint.rules.no-undef" /><error line="48" column="72" severity="error" message="&apos;expect&apos; is not defined. (no-undef)" source="eslint.rules.no-undef" /><error line="50" column="9" severity="error" message="&apos;it&apos; is not defined. (no-undef)" source="eslint.rules.no-undef" /><error line="51" column="92" severity="error" message="&apos;expect&apos; is not defined. (no-undef)" source="eslint.rules.no-undef" /><error line="54" column="9" severity="error" message="&apos;it&apos; is not defined. (no-undef)" source="eslint.rules.no-undef" /><error line="56" column="17" severity="error" message="&apos;expect&apos; is not defined. (no-undef)" source="eslint.rules.no-undef" /><error line="60" column="9" severity="error" message="&apos;it&apos; is not defined. (no-undef)" source="eslint.rules.no-undef" /><error line="62" column="17" severity="error" message="&apos;expect&apos; is not defined. (no-undef)" source="eslint.rules.no-undef" /><error line="70" column="5" severity="error" message="&apos;describe&apos; is not defined. (no-undef)" source="eslint.rules.no-undef" /><error line="71" column="9" severity="error" message="&apos;it&apos; is not defined. (no-undef)" source="eslint.rules.no-undef" /><error line="72" column="72" severity="error" message="&apos;expect&apos; is not defined. (no-undef)" source="eslint.rules.no-undef" /><error line="75" column="9" severity="error" message="&apos;it&apos; is not defined. (no-undef)" source="eslint.rules.no-undef" /><error line="76" column="72" severity="error" message="&apos;expect&apos; is not defined. (no-undef)" source="eslint.rules.no-undef" /><error line="79" column="9" severity="error" message="&apos;it&apos; is not defined. (no-undef)" source="eslint.rules.no-undef" /><error line="80" column="72" severity="error" message="&apos;expect&apos; is not defined. (no-undef)" source="eslint.rules.no-undef" /><error line="83" column="9" severity="error" message="&apos;it&apos; is not defined. (no-undef)" source="eslint.rules.no-undef" /><error line="84" column="59" severity="error" message="&apos;data&apos; is defined but never used. (no-unused-vars)" source="eslint.rules.no-unused-vars" /><error line="86" column="17" severity="error" message="&apos;expect&apos; is not defined. (no-undef)" source="eslint.rules.no-undef" /><error line="90" column="9" severity="error" message="&apos;it&apos; is not defined. (no-undef)" source="eslint.rules.no-undef" /><error line="92" column="17" severity="error" message="&apos;expect&apos; is not defined. (no-undef)" source="eslint.rules.no-undef" /><error line="98" column="1" severity="error" message="&apos;describe&apos; is not defined. (no-undef)" source="eslint.rules.no-undef" /><error line="106" column="5" severity="error" message="&apos;it&apos; is not defined. (no-undef)" source="eslint.rules.no-undef" /><error line="107" column="67" severity="error" message="&apos;expect&apos; is not defined. (no-undef)" source="eslint.rules.no-undef" /><error line="114" column="5" severity="error" message="&apos;it&apos; is not defined. (no-undef)" source="eslint.rules.no-undef" /><error line="115" column="76" severity="error" message="&apos;expect&apos; is not defined. (no-undef)" source="eslint.rules.no-undef" /><error line="124" column="2" severity="error" message="&apos;describe&apos; is not defined. (no-undef)" source="eslint.rules.no-undef" /><error line="125" column="5" severity="error" message="&apos;it&apos; is not defined. (no-undef)" source="eslint.rules.no-undef" /><error line="126" column="58" severity="error" message="&apos;expect&apos; is not defined. (no-undef)" source="eslint.rules.no-undef" /><error line="129" column="5" severity="error" message="&apos;it&apos; is not defined. (no-undef)" source="eslint.rules.no-undef" /><error line="130" column="60" severity="error" message="&apos;body&apos; is defined but never used. (no-unused-vars)" source="eslint.rules.no-unused-vars" /><error line="132" column="13" severity="error" message="&apos;expect&apos; is not defined. (no-undef)" source="eslint.rules.no-undef" /><error line="136" column="5" severity="error" message="&apos;it&apos; is not defined. (no-undef)" source="eslint.rules.no-undef" /><error line="137" column="61" severity="error" message="&apos;expect&apos; is not defined. (no-undef)" source="eslint.rules.no-undef" /><error line="143" column="1" severity="error" message="&apos;describe&apos; is not defined. (no-undef)" source="eslint.rules.no-undef" /><error line="149" column="5" severity="error" message="&apos;it&apos; is not defined. (no-undef)" source="eslint.rules.no-undef" /><error line="153" column="13" severity="error" message="&apos;expect&apos; is not defined. (no-undef)" source="eslint.rules.no-undef" /><error line="157" column="17" severity="error" message="&apos;expect&apos; is not defined. (no-undef)" source="eslint.rules.no-undef" /></file><file name="C:\Users\WELCOME\Desktop\project\Code-ToTrainee\wanderlust-web-service\src\app.js"><error line="1" column="17" severity="error" message="&apos;require&apos; is not defined. (no-undef)" source="eslint.rules.no-undef" /><error line="2" column="20" severity="error" message="&apos;require&apos; is not defined. (no-undef)" source="eslint.rules.no-undef" /><error line="4" column="23" severity="error" message="&apos;require&apos; is not defined. (no-undef)" source="eslint.rules.no-undef" /><error line="5" column="25" severity="error" message="&apos;require&apos; is not defined. (no-undef)" source="eslint.rules.no-undef" /><error line="6" column="20" severity="error" message="&apos;require&apos; is not defined. (no-undef)" source="eslint.rules.no-undef" /><error line="7" column="21" severity="error" message="&apos;require&apos; is not defined. (no-undef)" source="eslint.rules.no-undef" /><error line="8" column="18" severity="error" message="&apos;require&apos; is not defined. (no-undef)" source="eslint.rules.no-undef" /><error line="9" column="14" severity="error" message="&apos;require&apos; is not defined. (no-undef)" source="eslint.rules.no-undef" /><error line="24" column="1" severity="error" message="&apos;module&apos; is not defined. (no-undef)" source="eslint.rules.no-undef" /></file><file name="C:\Users\WELCOME\Desktop\project\Code-ToTrainee\wanderlust-web-service\src\routes\bookRouter.js"><error line="1" column="17" severity="error" message="&apos;require&apos; is not defined. (no-undef)" source="eslint.rules.no-undef" /><error line="4" column="20" severity="error" message="&apos;require&apos; is not defined. (no-undef)" source="eslint.rules.no-undef" /><error line="5" column="17" severity="error" message="&apos;require&apos; is not defined. (no-undef)" source="eslint.rules.no-undef" /><error line="7" column="24" severity="error" message="&apos;require&apos; is not defined. (no-undef)" source="eslint.rules.no-undef" /><error line="8" column="24" severity="error" message="&apos;require&apos; is not defined. (no-undef)" source="eslint.rules.no-undef" /><error line="37" column="5" severity="error" message="&apos;subscribeservice&apos; is not defined. (no-undef)" source="eslint.rules.no-undef" /><error line="37" column="46" severity="error" message="&apos;bookObj&apos; is defined but never used. (no-unused-vars)" source="eslint.rules.no-unused-vars" /><error line="52" column="1" severity="error" message="&apos;module&apos; is not defined. (no-undef)" source="eslint.rules.no-undef" /></file><file name="C:\Users\WELCOME\Desktop\project\Code-ToTrainee\wanderlust-web-service\src\routes\packageRouter.js"><error line="1" column="17" severity="error" message="&apos;require&apos; is not defined. (no-undef)" source="eslint.rules.no-undef" /><error line="3" column="15" severity="error" message="&apos;require&apos; is not defined. (no-undef)" source="eslint.rules.no-undef" /><error line="22" column="1" severity="error" message="&apos;module&apos; is not defined. (no-undef)" source="eslint.rules.no-undef" /></file><file name="C:\Users\WELCOME\Desktop\project\Code-ToTrainee\wanderlust-web-service\src\routes\userRouter.js"><error line="1" column="17" severity="error" message="&apos;require&apos; is not defined. (no-undef)" source="eslint.rules.no-undef" /><error line="3" column="19" severity="error" message="&apos;require&apos; is not defined. (no-undef)" source="eslint.rules.no-undef" /><error line="4" column="21" severity="error" message="&apos;require&apos; is not defined. (no-undef)" source="eslint.rules.no-undef" /><error line="6" column="19" severity="error" message="&apos;require&apos; is not defined. (no-undef)" source="eslint.rules.no-undef" /><error line="7" column="13" severity="error" message="&apos;require&apos; is not defined. (no-undef)" source="eslint.rules.no-undef" /><error line="8" column="7" severity="error" message="&apos;delservice&apos; is assigned a value but never used. (no-unused-vars)" source="eslint.rules.no-unused-vars" /><error line="8" column="18" severity="error" message="&apos;require&apos; is not defined. (no-undef)" source="eslint.rules.no-undef" /><error line="9" column="22" severity="error" message="&apos;require&apos; is not defined. (no-undef)" source="eslint.rules.no-undef" /><error line="59" column="1" severity="error" message="&apos;module&apos; is not defined. (no-undef)" source="eslint.rules.no-undef" /></file><file name="C:\Users\WELCOME\Desktop\project\Code-ToTrainee\wanderlust-web-service\src\model\booking.js"><error line="1" column="18" severity="error" message="&apos;require&apos; is not defined. (no-undef)" source="eslint.rules.no-undef" /><error line="51" column="169" severity="error" message="&apos;done1&apos; is defined but never used. (no-unused-vars)" source="eslint.rules.no-unused-vars" /><error line="73" column="1" severity="error" message="&apos;module&apos; is not defined. (no-undef)" source="eslint.rules.no-undef" /></file><file name="C:\Users\WELCOME\Desktop\project\Code-ToTrainee\wanderlust-web-service\src\model\deleteBooking.js"><error line="1" column="7" severity="error" message="&apos;userDetails&apos; is assigned a value but never used. (no-unused-vars)" source="eslint.rules.no-unused-vars" /><error line="1" column="21" severity="error" message="&apos;require&apos; is not defined. (no-undef)" source="eslint.rules.no-undef" /><error line="2" column="20" severity="error" message="&apos;require&apos; is not defined. (no-undef)" source="eslint.rules.no-undef" /><error line="3" column="1" severity="error" message="&apos;bookingdb&apos; is not defined. (no-undef)" source="eslint.rules.no-undef" /><error line="4" column="1" severity="error" message="&apos;bookingdb&apos; is not defined. (no-undef)" source="eslint.rules.no-undef" /><error line="13" column="80" severity="error" message="&apos;SelectedData&apos; is defined but never used. (no-unused-vars)" source="eslint.rules.no-unused-vars" /><error line="20" column="116" severity="error" message="&apos;result&apos; is defined but never used. (no-unused-vars)" source="eslint.rules.no-unused-vars" /><error line="36" column="76" severity="error" message="&apos;SelectedData&apos; is defined but never used. (no-unused-vars)" source="eslint.rules.no-unused-vars" /><error line="42" column="113" severity="error" message="&apos;result&apos; is defined but never used. (no-unused-vars)" source="eslint.rules.no-unused-vars" /><error line="68" column="1" severity="error" message="&apos;module&apos; is not defined. (no-undef)" source="eslint.rules.no-undef" /><error line="68" column="18" severity="error" message="&apos;bookingdb&apos; is not defined. (no-undef)" source="eslint.rules.no-undef" /></file><file name="C:\Users\WELCOME\Desktop\project\Code-ToTrainee\wanderlust-web-service\src\model\getuser.js"><error line="1" column="20" severity="error" message="&apos;require&apos; is not defined. (no-undef)" source="eslint.rules.no-undef" /><error line="29" column="1" severity="error" message="&apos;module&apos; is not defined. (no-undef)" source="eslint.rules.no-undef" /></file><file name="C:\Users\WELCOME\Desktop\project\Code-ToTrainee\wanderlust-web-service\src\model\packageModel.js"><error line="1" column="18" severity="error" message="&apos;require&apos; is not defined. (no-undef)" source="eslint.rules.no-undef" /><error line="105" column="1" severity="error" message="&apos;module&apos; is not defined. (no-undef)" source="eslint.rules.no-undef" /></file><file name="C:\Users\WELCOME\Desktop\project\Code-ToTrainee\wanderlust-web-service\src\model\setupUser.js"><error line="1" column="20" severity="error" message="&apos;require&apos; is not defined. (no-undef)" source="eslint.rules.no-undef" /><error line="748" column="1" severity="error" message="&apos;exports&apos; is not defined. (no-undef)" source="eslint.rules.no-undef" /><error line="761" column="57" severity="error" message="&apos;data&apos; is not defined. (no-undef)" source="eslint.rules.no-undef" /></file><file name="C:\Users\WELCOME\Desktop\project\Code-ToTrainee\wanderlust-web-service\src\model\userslogin.js"><error line="1" column="21" severity="error" message="&apos;require&apos; is not defined. (no-undef)" source="eslint.rules.no-undef" /><error line="2" column="20" severity="error" message="&apos;require&apos; is not defined. (no-undef)" source="eslint.rules.no-undef" /><error line="89" column="1" severity="error" message="&apos;module&apos; is not defined. (no-undef)" source="eslint.rules.no-undef" /></file><file name="C:\Users\WELCOME\Desktop\project\Code-ToTrainee\wanderlust-web-service\src\model\viewBookings.js"><error line="1" column="17" severity="error" message="&apos;require&apos; is not defined. (no-undef)" source="eslint.rules.no-undef" /><error line="4" column="1" severity="error" message="&apos;bookingDb&apos; is not defined. (no-undef)" source="eslint.rules.no-undef" /><error line="6" column="1" severity="error" message="&apos;bookingDb&apos; is not defined. (no-undef)" source="eslint.rules.no-undef" /><error line="18" column="1" severity="error" message="&apos;module&apos; is not defined. (no-undef)" source="eslint.rules.no-undef" /><error line="18" column="16" severity="error" message="&apos;bookingDb&apos; is not defined. (no-undef)" source="eslint.rules.no-undef" /></file><file name="C:\Users\WELCOME\Desktop\project\Code-ToTrainee\wanderlust-web-service\src\service\booking.js"><error line="1" column="10" severity="error" message="&apos;require&apos; is not defined. (no-undef)" source="eslint.rules.no-undef" /><error line="3" column="1" severity="error" message="&apos;booking&apos; is not defined. (no-undef)" source="eslint.rules.no-undef" /><error line="6" column="1" severity="error" message="&apos;booking&apos; is not defined. (no-undef)" source="eslint.rules.no-undef" /><error line="20" column="1" severity="error" message="&apos;module&apos; is not defined. (no-undef)" source="eslint.rules.no-undef" /><error line="20" column="16" severity="error" message="&apos;booking&apos; is not defined. (no-undef)" source="eslint.rules.no-undef" /></file><file name="C:\Users\WELCOME\Desktop\project\Code-ToTrainee\wanderlust-web-service\src\service\deleteBooking.js"><error line="1" column="12" severity="error" message="&apos;require&apos; is not defined. (no-undef)" source="eslint.rules.no-undef" /><error line="15" column="1" severity="error" message="&apos;module&apos; is not defined. (no-undef)" source="eslint.rules.no-undef" /></file><file name="C:\Users\WELCOME\Desktop\project\Code-ToTrainee\wanderlust-web-service\src\service\getuser.js"><error line="1" column="24" severity="error" message="&apos;require&apos; is not defined. (no-undef)" source="eslint.rules.no-undef" /><error line="31" column="1" severity="error" message="&apos;module&apos; is not defined. (no-undef)" source="eslint.rules.no-undef" /></file><file name="C:\Users\WELCOME\Desktop\project\Code-ToTrainee\wanderlust-web-service\src\service\packageService.js"><error line="1" column="16" severity="error" message="&apos;require&apos; is not defined. (no-undef)" source="eslint.rules.no-undef" /><error line="51" column="1" severity="error" message="&apos;module&apos; is not defined. (no-undef)" source="eslint.rules.no-undef" /></file><file name="C:\Users\WELCOME\Desktop\project\Code-ToTrainee\wanderlust-web-service\src\service\userslogin.js"><error line="1" column="16" severity="error" message="&apos;require&apos; is not defined. (no-undef)" source="eslint.rules.no-undef" /><error line="45" column="1" severity="error" message="&apos;module&apos; is not defined. (no-undef)" source="eslint.rules.no-undef" /></file><file name="C:\Users\WELCOME\Desktop\project\Code-ToTrainee\wanderlust-web-service\src\service\viewBookings.js"><error line="1" column="12" severity="error" message="&apos;require&apos; is not defined. (no-undef)" source="eslint.rules.no-undef" /><error line="4" column="1" severity="error" message="&apos;bookingData&apos; is not defined. (no-undef)" source="eslint.rules.no-undef" /><error line="7" column="1" severity="error" message="&apos;bookingData&apos; is not defined. (no-undef)" source="eslint.rules.no-undef" /><error line="21" column="1" severity="error" message="&apos;module&apos; is not defined. (no-undef)" source="eslint.rules.no-undef" /><error line="21" column="16" severity="error" message="&apos;bookingData&apos; is not defined. (no-undef)" source="eslint.rules.no-undef" /></file><file name="C:\Users\WELCOME\Desktop\project\Code-ToTrainee\wanderlust-web-service\src\utilities\connections.js"><error line="1" column="20" severity="error" message="&apos;require&apos; is not defined. (no-undef)" source="eslint.rules.no-undef" /><error line="2" column="18" severity="error" message="&apos;require&apos; is not defined. (no-undef)" source="eslint.rules.no-undef" /><error line="3" column="20" severity="error" message="&apos;global&apos; is not defined. (no-undef)" source="eslint.rules.no-undef" /><error line="86" column="15" severity="error" message="&apos;error&apos; is defined but never used. (no-unused-vars)" source="eslint.rules.no-unused-vars" /><error line="96" column="15" severity="error" message="&apos;error&apos; is defined but never used. (no-unused-vars)" source="eslint.rules.no-unused-vars" /><error line="106" column="15" severity="error" message="&apos;error&apos; is defined but never used. (no-unused-vars)" source="eslint.rules.no-unused-vars" /><error line="116" column="15" severity="error" message="&apos;error&apos; is defined but never used. (no-unused-vars)" source="eslint.rules.no-unused-vars" /><error line="124" column="1" severity="error" message="&apos;module&apos; is not defined. (no-undef)" source="eslint.rules.no-undef" /></file><file name="C:\Users\WELCOME\Desktop\project\Code-ToTrainee\wanderlust-web-service\src\utilities\ErrorLogger.js"><error line="1" column="12" severity="error" message="&apos;require&apos; is not defined. (no-undef)" source="eslint.rules.no-undef" /><error line="13" column="1" severity="error" message="&apos;module&apos; is not defined. (no-undef)" source="eslint.rules.no-undef" /></file><file name="C:\Users\WELCOME\Desktop\project\Code-ToTrainee\wanderlust-web-service\src\utilities\RequestLogger.js"><error line="1" column="12" severity="error" message="&apos;require&apos; is not defined. (no-undef)" source="eslint.rules.no-undef" /><error line="12" column="1" severity="error" message="&apos;module&apos; is not defined. (no-undef)" source="eslint.rules.no-undef" /></file><file name="C:\Users\WELCOME\Desktop\project\Code-ToTrainee\wanderlust-web-service\src\model\beanClasses\booking.js"><error line="16" column="1" severity="error" message="&apos;module&apos; is not defined. (no-undef)" source="eslint.rules.no-undef" /></file><file name="C:\Users\WELCOME\Desktop\project\Code-ToTrainee\wanderlust-web-service\src\model\beanClasses\users.js"><error line="12" column="1" severity="error" message="&apos;module&apos; is not defined. (no-undef)" source="eslint.rules.no-undef" /></file></checkstyle>